{
  "5966071394": 1743136473.6020925,
  "7810954682": 1743137857.7974925
}